"Service Register — Saraswati Automobiles Pvt Ltd · the whole company · 01/04/2026 to 31/03/2027 — labour under a SAC and parts under an HSN, which are different classifications even at the same rate"

Date,Invoice,Branch,Vehicle,Job Card,Odometer,Labour,Parts,Taxable,CGST,SGST,Advance Adjusted,Total,Payable
08/09/2026,SRV/2026-27/0001,DEL-SAR-OKHLA,DL 8S AK 4412,NET-JC-DL8SAK4412,1020,₹ 0.00,₹ 0.00,₹ 0.00,₹ 0.00,₹ 0.00,₹ 0.00,₹ 0.00,₹ 0.00
16/09/2026,SRV/2026-27/0002,DEL-SAR-OKHLA,DL 3S BB 9087,NET-JC-DL3SBB9087,14600,₹ 900.00,"₹ 1,120.00","₹ 2,020.00",₹ 181.80,₹ 181.80,₹ 0.00,"₹ 2,383.60","₹ 2,383.60"
29/09/2026,SRV/2026-27/0003,DEL-SAR-OKHLA,DL 8S AK 5510,NET-JC-DL8SAK5510,980,₹ 0.00,₹ 0.00,₹ 0.00,₹ 0.00,₹ 0.00,₹ 0.00,₹ 0.00,₹ 0.00
07/10/2026,SRV/2026-27/0004,DEL-SAR-OKHLA,DL 4S CE 1122,NET-JC-DL4SCE1122,22400,₹ 900.00,"₹ 1,120.00","₹ 2,020.00",₹ 181.80,₹ 181.80,₹ 0.00,"₹ 2,383.60","₹ 2,383.60"
15/10/2026,SRV/2026-27/0005,DEL-SAR-OKHLA,DL 9S AA 7781,NET-JC-DL9SAA7781,8150,₹ 0.00,₹ 0.00,₹ 0.00,₹ 0.00,₹ 0.00,₹ 0.00,₹ 0.00,₹ 0.00
23/10/2026,SRV/2026-27/0006,DEL-SAR-OKHLA,DL 2S DF 3344,NET-JC-DL2SDF3344,1100,₹ 0.00,₹ 0.00,₹ 0.00,₹ 0.00,₹ 0.00,₹ 0.00,₹ 0.00,₹ 0.00
04/11/2026,SRV/2026-27/0007,DEL-SAR-OKHLA,DL 5S GH 2201,NET-JC-DL5SGH2201,31900,₹ 900.00,"₹ 1,120.00","₹ 2,020.00",₹ 181.80,₹ 181.80,₹ 0.00,"₹ 2,383.60","₹ 2,383.60"
12/11/2026,SRV/2026-27/0008,DEL-SAR-OKHLA,DL 2S DF 8890,NET-JC-DL2SDF8890,4050,₹ 900.00,"₹ 1,120.00","₹ 2,020.00",₹ 181.80,₹ 181.80,₹ 0.00,"₹ 2,383.60","₹ 2,383.60"
24/11/2026,SRV/2026-27/0009,DEL-SAR-OKHLA,DL 6S JK 5567,NET-JC-DL6SJK5567,12700,₹ 0.00,₹ 0.00,₹ 0.00,₹ 0.00,₹ 0.00,₹ 0.00,₹ 0.00,₹ 0.00