"Deal Register — bookings, invoices and deliveries"

Deal No,Deal Status,Booking Date,Promised Date,Delivery Date,Customer Name,Mobile No,Model,Chassis No,Engine No,Ex Showroom,Policy No,Insurance Co,Registration No,Invoice No,Invoice Date
HMC-DL-2026-000100,DELIVERED,23/06/2026,26/06/2026,25/06/2026,Tarun Jain,9034457736,HF Deluxe,MBLHAR0748NK67000,KA21ERNHK67000,"₹ 61,400.00",SIM-3005-2550-8089-90713,HDFC,DL4SER2276,INV/0417/26-27/01400,26/06/2026
HMC-DL-2026-000101,AWAITING_INSURANCE,01/07/2026,06/07/2026,,Rajeev Bansal,9179183302,Splendor Plus,MBLKAR0921NK67001,PA33ERNHK67001,"₹ 79,150.00",,,,INV/0417/26-27/01401,02/07/2026
HMC-DL-2026-000102,DELIVERED,20/07/2026,25/07/2026,25/07/2026,Satish Jain,7661836679,Vida V2 Plus,MBLKAR0921NK67002,KA21ERNHK67002,"₹ 1,32,500.00",SIM-0231-5219-2328-46933,ICICI,DL4SER9427,INV/0417/26-27/01402,21/07/2026
HMC-DL-2026-000103,DELIVERED,04/07/2026,06/07/2026,11/07/2026,Ravi Pillai,9452081787,Splendor Plus,MBLKAR0921NK67003,HA11ERNHK67003,"₹ 79,150.00",SIM-0231-7059-3035-22952,TATA,DL6SCK2351,INV/0417/26-27/01403,06/07/2026
HMC-DL-2026-000104,DELIVERED,05/07/2026,11/07/2026,07/07/2026,Vikas Sabharwal,8306543316,HF Deluxe,MBLVID0912NK67004,HA11ERNHK67004,"₹ 61,400.00",SIM-3005-6281-2794-14697,TATA,DL6SBX9358,INV/0417/26-27/01404,07/07/2026
HMC-DL-2026-000105,DELIVERED,22/07/2026,27/07/2026,25/07/2026,Ravi Sabharwal,9423119620,Splendor Plus,MBLKAR0921NK67005,PA33ERNHK67005,"₹ 79,150.00",SIM-OG-27-2970-2219-10395,TATA,DL7SFG2636,INV/0417/26-27/01405,23/07/2026
HMC-DL-2026-000106,AWAITING_REGISTRATION,24/06/2026,26/06/2026,,Naushad Mittal,9077337825,Xtreme 125R,MBLPAS0633NK67006,KA21ERNHK67006,"₹ 1,04,800.00",SIM-3005-3566-6268-71032,TATA,,INV/0417/26-27/01406,26/06/2026
HMC-DL-2026-000107,DELIVERED,14/07/2026,19/07/2026,21/07/2026,Santosh Ghosh,9883078682,Vida V2 Plus,MBLPAS0633NK67007,HA11ERNHK67007,"₹ 1,32,500.00",SIM-3005-5679-4534-35261,HDFC,DL4SDL6024,INV/0417/26-27/01407,15/07/2026
HMC-DL-2026-000108,DELIVERED,29/07/2026,01/08/2026,01/08/2026,Prakash Menon,9499536253,Splendor Plus,MBLPAS0633NK67008,KA21ERNHK67008,"₹ 79,150.00",SIM-0231-3093-7867-81732,HDFC,DL4SAB8294,INV/0417/26-27/01408,31/07/2026
HMC-DL-2026-000109,DELIVERED,05/07/2026,10/07/2026,13/07/2026,Amit Jain,9651364743,HF Deluxe,MBLKAR0921NK67009,VD12ERNHK67009,"₹ 61,400.00",SIM-3005-2571-1412-80981,BAJAJ,DL1SER5106,INV/0417/26-27/01409,07/07/2026
HMC-DL-2026-000110,AWAITING_REGISTRATION,23/06/2026,26/06/2026,,Tarun Iyer,9161869014,Splendor Plus,MBLVID0912NK67010,KA21ERNHK67010,"₹ 79,150.00",SIM-2311-7106-8321-28019,HDFC,,INV/0417/26-27/01410,25/06/2026
HMC-DL-2026-000111,DELIVERED,12/07/2026,15/07/2026,19/07/2026,Neha Singhal,8377542465,Splendor Plus,MBLHAR0748NK67011,HA11ERNHK67011,"₹ 79,150.00",SIM-OG-27-3637-3175-21091,HDFC,DL11SER7960,INV/0417/26-27/01411,13/07/2026
HMC-DL-2026-000112,DELIVERED,14/07/2026,16/07/2026,20/07/2026,Dhiraj Mishra,9801580019,Splendor Plus,MBLVID0912NK67012,KA21ERNHK67012,"₹ 79,150.00",SIM-3005-4468-9262-53170,HDFC,,INV/0417/26-27/01412,17/07/2026
HMC-DL-2026-000113,DELIVERED,19/07/2026,25/07/2026,27/07/2026,Rohit Malhotra,7537304942,Xtreme 125R,MBLVID0912NK67013,VD12ERNHK67013,"₹ 1,04,800.00",SIM-OG-27-4330-6355-82996,ICICI,DL2SAB1811,INV/0417/26-27/01413,22/07/2026
HMC-DL-2026-000114,DELIVERED,18/07/2026,22/07/2026,21/07/2026,Rehan Qureshi,7613391060,Splendor Plus,MBLHAR0748NK67014,PA33ERNHK67014,"₹ 79,150.00",SIM-2311-5780-3427-19024,ICICI,,INV/0417/26-27/01414,19/07/2026
HMC-DL-2026-000115,DELIVERED,25/07/2026,30/07/2026,27/07/2026,Shubham Solanki,9421834798,Splendor Plus,MBLHAR0748NK67015,VD12ERNHK67015,"₹ 79,150.00",SIM-0231-2939-2347-19378,ICICI,DL10SCK3682,INV/0417/26-27/01415,28/07/2026
HMC-DL-2026-000116,DELIVERED,16/07/2026,22/07/2026,22/07/2026,Mahesh Tripathi,9743741864,Splendor Plus,MBLPAS0633NK67016,VD12ERNHK67016,"₹ 79,150.00",SIM-2311-7258-9564-92429,ICICI,DL9SCK9435,INV/0417/26-27/01416,19/07/2026
HMC-DL-2026-000117,DELIVERED,18/07/2026,24/07/2026,25/07/2026,Arif Banerjee,8881157832,Xpulse 200 4V,MBLPAS0633NK67017,PA33ERNHK67017,"₹ 1,54,800.00",SIM-0231-2588-1462-40257,ICICI,,INV/0417/26-27/01417,20/07/2026
HMC-DL-2026-000118,DELIVERED,20/07/2026,26/07/2026,22/07/2026,Sourav Tomar,7921240573,Splendor Plus,MBLKAR0921NK67018,KA21ERNHK67018,"₹ 79,150.00",SIM-0231-3258-3801-37576,ICICI,DL2SAB3698,INV/0417/26-27/01418,21/07/2026
HMC-DL-2026-000119,DELIVERED,20/07/2026,24/07/2026,25/07/2026,Arun Verma,9179234657,Xpulse 200 4V,MBLHAR0748NK67019,HA11ERNHK67019,"₹ 1,54,800.00",SIM-3005-4461-6768-47255,HDFC,DL13SBX1008,INV/0417/26-27/01419,23/07/2026
HMC-DL-2026-000120,DELIVERED,29/07/2026,31/07/2026,31/07/2026,Swati Sharma,9339702796,HF Deluxe,MBLKAR0921NK67020,HA11ERNHK67020,"₹ 61,400.00",SIM-2311-9087-2984-26767,HDFC,DL9SAB1243,INV/0417/26-27/01420,31/07/2026
HMC-DL-2026-000121,AWAITING_REGISTRATION,27/07/2026,02/08/2026,,Deepak Jain,9485693090,HF Deluxe,MBLVID0912NK67021,KA21ERNHK67021,"₹ 61,400.00",SIM-2311-6679-2900-86838,HDFC,,INV/0417/26-27/01421,30/07/2026
HMC-DL-2026-000122,DELIVERED,27/07/2026,29/07/2026,02/08/2026,Subhash Khurana,8470741561,HF Deluxe,MBLHAR0748NK67022,HA11ERNHK67022,"₹ 61,400.00",SIM-3005-6133-6412-29523,HDFC,DL1SFG7155,INV/0417/26-27/01422,28/07/2026
HMC-DL-2026-000123,DELIVERED,07/07/2026,12/07/2026,10/07/2026,Gurmeet Garg,7592645555,HF Deluxe,MBLVID0912NK67023,HA11ERNHK67023,"₹ 61,400.00",SIM-0231-8371-9301-76697,BAJAJ,DL12SCK4325,INV/0417/26-27/01423,09/07/2026
HMC-DL-2026-000124,DELIVERED,29/07/2026,31/07/2026,03/08/2026,Varun Singhal,8109573797,HF Deluxe,MBLKAR0921NK67024,HA11ERNHK67024,"₹ 61,400.00",SIM-0231-5984-2497-82125,ICICI,DL3SFG8276,INV/0417/26-27/01424,30/07/2026
HMC-DL-2026-000125,AWAITING_REGISTRATION,04/08/2026,05/08/2026,,Jaspal Bhatia,9566978867,Splendor Plus,MBLPAS0633NK67025,HA11ERNHK67025,"₹ 79,150.00",SIM-2311-4897-5653-20447,TATA,,INV/0417/26-27/01425,05/08/2026
HMC-DL-2026-000126,BOOKED,05/08/2026,05/08/2026,,Naushad Ghosh,9406214916,Splendor Plus,MBLKAR0921NK67026,KA21ERNHK67026,"₹ 79,150.00",,,,,
HMC-DL-2026-000127,AWAITING_REGISTRATION,01/08/2026,03/08/2026,,Gaurav Garg,9876704810,HF Deluxe,MBLPAS0633NK67027,KA21ERNHK67027,"₹ 61,400.00",SIM-OG-27-9603-8958-51613,TATA,,INV/0417/26-27/01427,02/08/2026
HMC-DL-2026-000128,DELIVERED,30/06/2026,04/07/2026,08/07/2026,Rakesh Rao,9682885454,Xtreme 125R,MBLKAR0921NK67028,VD12ERNHK67028,"₹ 1,04,800.00",SIM-OG-27-9624-6710-13332,HDFC,,INV/0417/26-27/01428,03/07/2026
HMC-DL-2026-000129,DELIVERED,24/06/2026,29/06/2026,27/06/2026,Aditya Menon,9754328582,Xtreme 125R,MBLKAR0921NK67029,PA33ERNHK67029,"₹ 1,04,800.00",SIM-0231-3914-7960-35157,ICICI,,INV/0417/26-27/01429,26/06/2026
HMC-DL-2026-000130,DELIVERED,26/07/2026,28/07/2026,03/08/2026,Nikhil Banerjee,9547705724,Destini 125,MBLHAR0748NK67030,PA33ERNHK67030,"₹ 84,300.00",SIM-0231-7185-8395-64399,TATA,DL5SDL7518,INV/0417/26-27/01430,29/07/2026
HMC-DL-2026-000131,DELIVERED,05/07/2026,10/07/2026,11/07/2026,Dhiraj Siddiqui,8267060677,HF Deluxe,MBLPAS0633NK67031,PA33ERNHK67031,"₹ 61,400.00",SIM-2311-4431-1916-37731,HDFC,DL6SER7557,INV/0417/26-27/01431,08/07/2026
HMC-DL-2026-000132,DELIVERED,07/07/2026,12/07/2026,14/07/2026,Umesh Menon,9628087186,Xpulse 200 4V,MBLHAR0748NK67032,HA11ERNHK67032,"₹ 1,54,800.00",SIM-2311-8897-2408-26129,TATA,DL6SFG1073,INV/0417/26-27/01432,08/07/2026
HMC-DL-2026-000133,DELIVERED,16/07/2026,22/07/2026,18/07/2026,Gurmeet Malhotra,7405086800,HF Deluxe,MBLHAR0748NK67033,PA33ERNHK67033,"₹ 61,400.00",SIM-0231-1130-1683-65032,ICICI,DL13SFG4545,INV/0417/26-27/01433,17/07/2026
HMC-DL-2026-000134,DELIVERED,02/08/2026,05/08/2026,05/08/2026,Bhupinder Sabharwal,9930357298,Splendor Plus,MBLHAR0748NK67034,HA11ERNHK67034,"₹ 79,150.00",SIM-OG-27-1891-5817-17493,TATA,DL10SBX4729,INV/0417/26-27/01434,03/08/2026
HMC-DL-2026-000135,BOOKED,09/07/2026,11/07/2026,,Bhupinder Garg,7429851254,HF Deluxe,MBLKAR0921NK67035,HA11ERNHK67035,"₹ 61,400.00",,,,,
HMC-DL-2026-000136,DELIVERED,07/07/2026,13/07/2026,09/07/2026,Meena Reddy,8390631228,HF Deluxe,MBLPAS0633NK67036,PA33ERNHK67036,"₹ 61,400.00",SIM-2311-4581-3413-55156,ICICI,DL8SDL7303,INV/0417/26-27/01436,08/07/2026
HMC-DL-2026-000137,DELIVERED,24/06/2026,28/06/2026,30/06/2026,Imran Iyer,9141839142,Splendor Plus,MBLHAR0748NK67037,PA33ERNHK67037,"₹ 79,150.00",SIM-0231-8552-8383-80357,BAJAJ,,INV/0417/26-27/01437,27/06/2026
HMC-DL-2026-000138,DELIVERED,02/08/2026,05/08/2026,04/08/2026,Pankaj Sabharwal,9142795811,Destini 125,MBLHAR0748NK67038,KA21ERNHK67038,"₹ 84,300.00",SIM-3005-6623-3719-11638,BAJAJ,DL2SDL4921,INV/0417/26-27/01438,03/08/2026
HMC-DL-2026-000139,DELIVERED,23/06/2026,27/06/2026,28/06/2026,Faisal Singhal,7088395614,Splendor Plus,MBLHAR0748NK67039,HA11ERNHK67039,"₹ 79,150.00",SIM-2311-9186-5861-11223,ICICI,DL8SER5877,INV/0417/26-27/01439,25/06/2026
HMC-DL-2026-000140,DELIVERED,02/07/2026,06/07/2026,08/07/2026,Mohit Gupta,8703348649,Splendor Plus,MBLKAR0921NK67040,KA21ERNHK67040,"₹ 79,150.00",SIM-3005-6452-2302-33667,BAJAJ,DL5SFG7811,INV/0417/26-27/01440,04/07/2026
HMC-DL-2026-000141,BOOKED,29/07/2026,31/07/2026,,Manoj Ghosh,7559513993,Xpulse 200 4V,MBLKAR0921NK67041,VD12ERNHK67041,"₹ 1,54,800.00",,,,,
HMC-DL-2026-000142,DELIVERED,06/07/2026,12/07/2026,13/07/2026,Pooja Khan,7236176659,Splendor Plus,MBLVID0912NK67042,VD12ERNHK67042,"₹ 79,150.00",SIM-2311-8994-9651-38093,BAJAJ,,INV/0417/26-27/01442,09/07/2026
HMC-DL-2026-000143,AWAITING_REGISTRATION,01/08/2026,04/08/2026,,Naveen Sharma,8473122900,Xtreme 125R,MBLVID0912NK67043,VD12ERNHK67043,"₹ 1,04,800.00",SIM-3005-3324-5341-15926,HDFC,,INV/0417/26-27/01443,04/08/2026
HMC-DL-2026-000144,DELIVERED,15/07/2026,19/07/2026,21/07/2026,Yogesh Sethi,9022935612,Destini 125,MBLHAR0748NK67044,KA21ERNHK67044,"₹ 84,300.00",SIM-3005-5849-8462-53686,BAJAJ,DL10SCK3189,INV/0417/26-27/01444,17/07/2026
HMC-DL-2026-000145,AWAITING_REGISTRATION,22/06/2026,28/06/2026,,Jaspal Chatterjee,9019594585,Splendor Plus,MBLHAR0748NK67045,VD12ERNHK67045,"₹ 79,150.00",SIM-0231-8869-6739-47559,TATA,,INV/0417/26-27/01445,23/06/2026
HMC-DL-2026-000146,DELIVERED,04/08/2026,05/08/2026,05/08/2026,Arun Sabharwal,9625327271,Xtreme 125R,MBLHAR0748NK67046,VD12ERNHK67046,"₹ 1,04,800.00",SIM-0231-6389-8012-85905,TATA,,INV/0417/26-27/01446,05/08/2026
HMC-DL-2026-000147,DELIVERED,26/07/2026,30/07/2026,02/08/2026,Vinod Verma,7936346332,Splendor Plus,MBLPAS0633NK67047,PA33ERNHK67047,"₹ 79,150.00",SIM-OG-27-1348-2587-75107,TATA,DL5SAB8796,INV/0417/26-27/01447,28/07/2026
HMC-DL-2026-000148,DELIVERED,10/07/2026,16/07/2026,18/07/2026,Bhupinder Das,8124029833,Splendor Plus,MBLVID0912NK67048,KA21ERNHK67048,"₹ 79,150.00",SIM-2311-6233-2988-92884,TATA,DL1SCK6404,INV/0417/26-27/01448,11/07/2026
HMC-DL-2026-000149,AWAITING_REGISTRATION,13/07/2026,19/07/2026,,Vinod Mishra,8564553121,HF Deluxe,MBLPAS0633NK67049,KA21ERNHK67049,"₹ 61,400.00",SIM-OG-27-2319-3618-16513,TATA,,INV/0417/26-27/01449,15/07/2026
HMC-DL-2026-000150,DELIVERED,13/07/2026,16/07/2026,21/07/2026,Shyam Pillai,9979287498,Splendor Plus,MBLHAR0748NK67050,VD12ERNHK67050,"₹ 79,150.00",SIM-2311-2496-4250-13499,HDFC,DL11SBX6993,INV/0417/26-27/01450,15/07/2026
HMC-DL-2026-000151,DELIVERED,18/07/2026,20/07/2026,26/07/2026,Ritu Nair,8317047424,Splendor Plus,MBLVID0912NK67051,VD12ERNHK67051,"₹ 79,150.00",SIM-OG-27-6634-4844-66389,BAJAJ,DL2SFG2521,INV/0417/26-27/01451,20/07/2026
HMC-DL-2026-000152,DELIVERED,03/07/2026,05/07/2026,11/07/2026,Usha Mittal,9406693025,HF Deluxe,MBLKAR0921NK67052,PA33ERNHK67052,"₹ 61,400.00",SIM-0231-5859-6428-59633,TATA,DL3SBX2295,INV/0417/26-27/01452,05/07/2026
HMC-DL-2026-000153,DELIVERED,26/07/2026,01/08/2026,30/07/2026,Shubham Rathore,8380631626,Splendor Plus,MBLHAR0748NK67053,KA21ERNHK67053,"₹ 79,150.00",SIM-0231-3447-4539-77656,BAJAJ,,INV/0417/26-27/01453,27/07/2026
HMC-DL-2026-000154,DELIVERED,18/07/2026,22/07/2026,25/07/2026,Harpreet Pandey,8331916161,Splendor Plus,MBLHAR0748NK67054,PA33ERNHK67054,"₹ 79,150.00",SIM-2311-5858-9486-32108,HDFC,DL11SAB5895,INV/0417/26-27/01454,20/07/2026
HMC-DL-2026-000155,DELIVERED,15/07/2026,17/07/2026,20/07/2026,Naushad Yadav,8383185098,Xtreme 125R,MBLKAR0921NK67055,HA11ERNHK67055,"₹ 1,04,800.00",SIM-2311-8362-7662-92901,TATA,DL8SBX7205,INV/0417/26-27/01455,16/07/2026
HMC-DL-2026-000156,AWAITING_INSURANCE,12/07/2026,15/07/2026,,Aditya Sabharwal,9815466462,Splendor Plus,MBLKAR0921NK67056,VD12ERNHK67056,"₹ 79,150.00",,,,INV/0417/26-27/01456,13/07/2026
HMC-DL-2026-000157,DELIVERED,06/07/2026,11/07/2026,12/07/2026,Bhupinder Iyer,7791858203,HF Deluxe,MBLPAS0633NK67057,HA11ERNHK67057,"₹ 61,400.00",SIM-OG-27-1693-6467-40196,ICICI,,INV/0417/26-27/01457,07/07/2026
HMC-DL-2026-000158,BOOKED,09/07/2026,14/07/2026,,Jaspal Ghosh,7810375103,Destini 125,MBLPAS0633NK67058,KA21ERNHK67058,"₹ 84,300.00",,,,,
HMC-DL-2026-000159,AWAITING_REGISTRATION,02/08/2026,05/08/2026,,Arun Nair,8188529564,HF Deluxe,MBLVID0912NK67059,KA21ERNHK67059,"₹ 61,400.00",SIM-3005-2625-8371-81519,HDFC,,INV/0417/26-27/01459,05/08/2026
HMC-DL-2026-000160,DELIVERED,11/07/2026,15/07/2026,16/07/2026,Seema Rao,8602239150,HF Deluxe,MBLKAR0921NK67060,KA21ERNHK67060,"₹ 61,400.00",SIM-3005-7026-9312-10668,TATA,,INV/0417/26-27/01460,12/07/2026
HMC-DL-2026-000161,BOOKED,22/06/2026,27/06/2026,,Karan Qureshi,8073092028,HF Deluxe,MBLPAS0633NK67061,KA21ERNHK67061,"₹ 61,400.00",,,,,
HMC-DL-2026-000162,DELIVERED,12/07/2026,17/07/2026,19/07/2026,Harleen Ghosh,9373596545,Xpulse 200 4V,MBLVID0912NK67062,VD12ERNHK67062,"₹ 1,54,800.00",SIM-0231-7396-2012-72368,ICICI,DL6SCK5661,INV/0417/26-27/01462,15/07/2026
HMC-DL-2026-000163,DELIVERED,09/07/2026,14/07/2026,16/07/2026,Rehan Bansal,7906456197,Splendor Plus,MBLKAR0921NK67063,KA21ERNHK67063,"₹ 79,150.00",SIM-0231-4671-2319-18457,BAJAJ,DL12SBX2444,INV/0417/26-27/01463,11/07/2026
HMC-DL-2026-000164,DELIVERED,27/07/2026,01/08/2026,31/07/2026,Naushad Kumar,9257972460,Splendor Plus,MBLHAR0748NK67064,PA33ERNHK67064,"₹ 79,150.00",SIM-OG-27-6232-8820-47558,BAJAJ,,INV/0417/26-27/01464,28/07/2026
HMC-DL-2026-000165,DELIVERED,09/07/2026,13/07/2026,15/07/2026,Naushad Solanki,8924753879,Splendor Plus,MBLVID0912NK67065,VD12ERNHK67065,"₹ 79,150.00",SIM-OG-27-8877-5026-94896,TATA,DL10SFG6601,INV/0417/26-27/01465,12/07/2026
HMC-DL-2026-000166,DELIVERED,03/07/2026,05/07/2026,10/07/2026,Sandeep Agarwal,9711058715,Destini 125,MBLHAR0748NK67066,PA33ERNHK67066,"₹ 84,300.00",SIM-0231-8021-8851-11160,ICICI,DL11SFG9094,INV/0417/26-27/01466,06/07/2026
HMC-DL-2026-000167,DELIVERED,02/08/2026,04/08/2026,05/08/2026,Bhavna Sheikh,7965657548,Vida V2 Plus,MBLKAR0921NK67067,VD12ERNHK67067,"₹ 1,32,500.00",SIM-OG-27-7253-6858-59837,TATA,DL3SFG9861,INV/0417/26-27/01467,03/08/2026
HMC-DL-2026-000168,DELIVERED,18/07/2026,22/07/2026,26/07/2026,Nusrat Sharma,8695709463,Vida V2 Plus,MBLKAR0921NK67068,KA21ERNHK67068,"₹ 1,32,500.00",SIM-3005-4101-4872-50551,HDFC,DL2SAB3078,INV/0417/26-27/01468,21/07/2026
HMC-DL-2026-000169,AWAITING_REGISTRATION,16/07/2026,19/07/2026,,Naveen Bhatia,9922121651,Xtreme 125R,MBLPAS0633NK67069,KA21ERNHK67069,"₹ 1,04,800.00",SIM-0231-7279-1561-59280,TATA,,INV/0417/26-27/01469,17/07/2026
HMC-DL-2026-000170,DELIVERED,25/06/2026,30/06/2026,29/06/2026,Dinesh Sabharwal,9765294071,Vida V2 Plus,MBLVID0912NK67070,PA33ERNHK67070,"₹ 1,32,500.00",SIM-2311-8257-7882-42670,TATA,DL9SBX8068,INV/0417/26-27/01470,26/06/2026
HMC-DL-2026-000171,DELIVERED,24/06/2026,29/06/2026,02/07/2026,Deepika Sharma,8874749526,Xtreme 125R,MBLHAR0748NK67071,PA33ERNHK67071,"₹ 1,04,800.00",SIM-2311-9124-7968-47914,ICICI,DL2SAB5748,INV/0417/26-27/01471,26/06/2026
HMC-DL-2026-000172,AWAITING_INSURANCE,25/07/2026,29/07/2026,,Meena Solanki,9395800666,Destini 125,MBLVID0912NK67072,PA33ERNHK67072,"₹ 84,300.00",,,,INV/0417/26-27/01472,27/07/2026
HMC-DL-2026-000173,DELIVERED,13/07/2026,18/07/2026,18/07/2026,Ramkumar Jain,9470979304,Splendor Plus,MBLHAR0748NK67073,HA11ERNHK67073,"₹ 79,150.00",SIM-0231-3361-4294-29782,HDFC,DL10SCK5476,INV/0417/26-27/01473,14/07/2026
HMC-DL-2026-000181,AWAITING_INSURANCE,26/07/2026,31/07/2026,,Rohit Kumar Bansal,9873310482,Splendor Plus,MBLHAR0748NK41694,HA11ERNHK41694,"₹ 79,150.00",,,,INV/0417/26-27/01184,28/07/2026
HMC-DL-2026-000182,AWAITING_INSURANCE,24/07/2026,01/08/2026,,Imran Qureshi,9711250934,Xpulse 200 4V,MBLKAR0921NK18337,KA21ERNHK18337,"₹ 1,54,800.00",,,,INV/0417/26-27/01179,27/07/2026
HMC-DL-2026-000183,AWAITING_INSURANCE,28/07/2026,03/08/2026,,Ananya Iyer,9004471123,Vida V2 Plus,MBLVDA0114NK07219,VDA6KWNHK07219,"₹ 1,19,900.00",,,,INV/0417/26-27/01191,29/07/2026
HMC-DL-2026-000185,DELIVERED,02/02/2026,09/02/2026,09/02/2026,Devender Singh Rathee,9868112047,HF Deluxe,MBLHFD0097NK30118,HFD09ENHK30118,"₹ 62,300.00",OG-27-1201-1847-00004471,BAJAJ,DL03SR4471,INV/0417/25-26/00944,07/02/2026
Total,,,,,,,,,,78 deals,,,,,